account_id,customer_id,account_type,currency,account_status,open_date,balance,branch_code
ACC00001,CUST0001,Savings,AED,Active,2022-09-19 19:14:00,298382.17,BR008
ACC00002,CUST0001,Savings,GBP,Active,2022-03-18 04:32:00,423146.05,BR016
ACC00003,CUST0002,Fixed Deposit,EUR,Dormant,2022-04-17 15:08:00,82311.29,BR008
ACC00004,CUST0003,Savings,GBP,Closed,2020-10-13 23:42:00,494127.59,BR007
ACC00005,CUST0003,Savings,EUR,Closed,2021-12-31 19:31:00,344087.42,BR015
ACC00006,CUST0004,Loan,INR,Active,2021-09-02 23:20:00,197378.28,BR019
ACC00007,CUST0005,Savings,AED,Active,2022-02-05 01:56:00,497920.27,BR017
ACC00008,CUST0006,Savings,AED,Active,2019-10-24 06:18:00,220057.16,BR010
ACC00009,CUST0007,Fixed Deposit,INR,Active,2021-03-09 19:58:00,27746.06,BR017
ACC00010,CUST0008,Loan,INR,Active,2022-05-06 03:11:00,389476.21,BR018
ACC00011,CUST0009,Loan,GBP,Active,2020-07-16 14:37:00,448360.44,BR007
ACC00012,CUST0009,Loan,USD,Active,2020-06-15 22:46:00,62210.34,BR004
ACC00013,CUST0010,Fixed Deposit,USD,Active,2021-09-09 23:50:00,487608.12,BR020
ACC00014,CUST0011,Loan,AED,Active,2020-06-29 10:36:00,435717.05,BR005
ACC00015,CUST0012,Current,EUR,Active,2019-10-29 13:19:00,155104.39,BR015
ACC00016,CUST0012,Fixed Deposit,EUR,Active,2020-04-10 06:00:00,311468.88,BR009
ACC00017,CUST0013,Loan,INR,Active,2019-07-27 19:56:00,246986.66,BR007
ACC00018,CUST0013,Loan,INR,Active,2019-12-25 19:38:00,3783.23,BR018
ACC00019,CUST0014,Current,USD,Active,2019-11-05 20:22:00,18842.17,BR002
ACC00020,CUST0014,Fixed Deposit,GBP,Closed,2019-10-24 03:26:00,496870.72,BR006
ACC00021,CUST0015,Current,INR,Active,2021-07-22 01:05:00,384371.74,BR011
ACC00022,CUST0016,Loan,USD,Active,2022-08-16 02:18:00,235673.01,BR004
ACC00023,CUST0017,Fixed Deposit,GBP,Active,2022-06-24 06:44:00,104920.96,BR002
ACC00024,CUST0018,Savings,INR,Active,2021-02-23 13:38:00,423975.09,BR009
ACC00025,CUST0018,Fixed Deposit,EUR,Active,2022-04-27 16:46:00,316112.87,BR016
ACC00026,CUST0019,Current,GBP,Closed,2019-07-19 03:01:00,232710.37,BR004
ACC00027,CUST0020,Current,AED,Closed,2021-11-09 01:21:00,175150.2,BR007
ACC00028,CUST0021,Current,GBP,Active,2019-12-01 09:19:00,253591.47,BR011
ACC00029,CUST0021,Savings,USD,Active,2021-06-14 12:46:00,284676.31,BR001
ACC00030,CUST0022,Current,GBP,Dormant,2022-03-23 15:51:00,18261.35,BR005
ACC00031,CUST0023,Loan,AED,Dormant,2022-02-17 13:59:00,371421.03,BR017
ACC00032,CUST0024,Fixed Deposit,AED,Active,2020-09-14 18:43:00,166193.79,BR012
ACC00033,CUST0024,Savings,EUR,Active,2019-09-17 10:24:00,313442.17,BR006
ACC00034,CUST0025,Loan,EUR,Active,2021-04-07 22:54:00,157592.45,BR002
ACC00035,CUST0026,Savings,INR,Dormant,2021-08-15 14:53:00,475388.01,BR007
ACC00036,CUST0026,Fixed Deposit,EUR,Active,2019-09-30 06:58:00,46755.76,BR017
ACC00037,CUST0027,Loan,AED,Active,2021-06-11 15:46:00,437002.61,BR010
ACC00038,CUST0027,Fixed Deposit,EUR,Active,2020-02-02 16:43:00,496363.81,BR007
ACC00039,CUST0028,Loan,INR,Active,2022-06-19 03:00:00,155835.17,BR002
ACC00040,CUST0029,Savings,GBP,Active,2019-10-18 03:33:00,383207.0,BR010
ACC00041,CUST0030,Fixed Deposit,EUR,Active,2020-08-13 09:17:00,266371.76,BR015
ACC00042,CUST0030,Savings,GBP,Active,2021-01-26 03:00:00,479169.88,BR018
ACC00043,CUST0031,Current,AED,Active,2021-04-28 08:09:00,471667.27,BR010
ACC00044,CUST0032,Current,USD,Active,2021-06-08 17:28:00,25837.73,BR001
ACC00045,CUST0033,Savings,USD,Active,2020-01-08 13:25:00,89902.01,BR020
ACC00046,CUST0034,Loan,AED,Active,2021-05-26 06:45:00,379322.07,BR018
ACC00047,CUST0035,Loan,AED,Active,2022-03-01 03:29:00,155540.65,BR015
ACC00048,CUST0035,Loan,EUR,Closed,2020-05-05 19:16:00,456474.37,BR013
ACC00049,CUST0036,Fixed Deposit,GBP,Active,2019-09-15 02:30:00,56887.09,BR016
ACC00050,CUST0036,Loan,EUR,Active,2021-06-28 19:36:00,64133.3,BR004
ACC00051,CUST0037,Savings,GBP,Active,2019-12-08 09:34:00,230756.94,BR019
ACC00052,CUST0038,Current,AED,Active,2022-03-29 12:04:00,170686.72,BR019
ACC00053,CUST0039,Loan,AED,Active,2022-08-04 22:15:00,86956.19,BR003
ACC00054,CUST0040,Loan,USD,Active,2022-02-18 10:35:00,49278.13,BR015
ACC00055,CUST0041,Loan,USD,Active,2021-08-30 10:31:00,322672.06,BR002
ACC00056,CUST0041,Savings,EUR,Dormant,2022-10-17 20:51:00,592.08,BR005
ACC00057,CUST0042,Loan,AED,Active,2022-10-11 14:12:00,103228.01,BR011
ACC00058,CUST0043,Fixed Deposit,INR,Active,2021-06-20 02:37:00,4555.57,BR017
ACC00059,CUST0043,Loan,EUR,Dormant,2019-11-20 11:57:00,274668.13,BR002
ACC00060,CUST0044,Fixed Deposit,USD,Dormant,2019-09-17 07:27:00,351259.83,BR013
ACC00061,CUST0044,Fixed Deposit,INR,Active,2021-12-23 17:13:00,331412.54,BR016
ACC00062,CUST0045,Loan,GBP,Dormant,2020-05-26 09:55:00,335198.01,BR005
ACC00063,CUST0045,Savings,USD,Active,2020-05-05 23:56:00,243607.32,BR014
ACC00064,CUST0046,Current,USD,Active,2021-11-13 14:57:00,394569.75,BR020
ACC00065,CUST0047,Current,INR,Active,2022-08-19 14:24:00,177975.96,BR006
ACC00066,CUST0048,Savings,AED,Active,2020-11-11 22:32:00,134990.6,BR018
ACC00067,CUST0049,Savings,USD,Active,2021-08-08 03:37:00,241025.69,BR003
ACC00068,CUST0050,Fixed Deposit,INR,Active,2022-06-21 19:05:00,122993.04,BR003
ACC00069,CUST0050,Fixed Deposit,AED,Active,2021-06-18 17:49:00,5886.31,BR015
ACC00070,CUST0051,Loan,AED,Active,2021-11-24 11:51:00,147661.66,BR006
ACC00071,CUST0052,Fixed Deposit,AED,Active,2022-03-11 18:10:00,286643.57,BR010
ACC00072,CUST0052,Savings,GBP,Active,2020-03-31 16:04:00,425796.91,BR009
ACC00073,CUST0053,Fixed Deposit,GBP,Dormant,2019-08-14 23:07:00,302108.86,BR019
ACC00074,CUST0053,Current,INR,Active,2020-07-09 08:50:00,350537.05,BR016
ACC00075,CUST0054,Savings,GBP,Closed,2020-05-08 19:59:00,410951.02,BR016
ACC00076,CUST0054,Loan,INR,Active,2022-01-02 23:40:00,84057.99,BR019
ACC00077,CUST0055,Fixed Deposit,USD,Active,2020-03-09 01:10:00,232275.46,BR016
ACC00078,CUST0056,Current,INR,Active,2021-09-21 15:16:00,73002.34,BR014
ACC00079,CUST0057,Loan,INR,Active,2022-07-05 21:02:00,49133.48,BR018
ACC00080,CUST0057,Fixed Deposit,INR,Active,2021-01-24 10:17:00,133910.36,BR004
ACC00081,CUST0058,Loan,INR,Active,2020-11-22 23:43:00,294567.78,BR007
ACC00082,CUST0058,Fixed Deposit,EUR,Active,2019-08-06 21:00:00,415928.91,BR001
ACC00083,CUST0059,Savings,INR,Active,2021-02-15 08:12:00,17503.86,BR020
ACC00084,CUST0060,Current,AED,Active,2020-03-17 02:54:00,302540.55,BR013
ACC00085,CUST0060,Current,USD,Active,2020-12-15 09:29:00,330408.68,BR003
ACC00086,CUST0061,Fixed Deposit,INR,Active,2021-05-08 08:10:00,390475.28,BR009
ACC00087,CUST0062,Loan,INR,Active,2019-11-16 08:52:00,132700.09,BR015
ACC00088,CUST0063,Current,AED,Active,2022-04-18 03:09:00,270545.76,BR014
ACC00089,CUST0063,Current,AED,Active,2022-01-05 22:16:00,52091.91,BR003
ACC00090,CUST0064,Fixed Deposit,INR,Active,2022-04-30 04:41:00,320347.47,BR002
ACC00091,CUST0064,Loan,GBP,Active,2021-05-21 12:36:00,2350.03,BR016
ACC00092,CUST0065,Loan,USD,Active,2019-07-22 12:44:00,409079.34,BR016
ACC00093,CUST0066,Fixed Deposit,GBP,Active,2021-10-13 01:40:00,498509.39,BR003
ACC00094,CUST0066,Fixed Deposit,AED,Dormant,2021-06-11 02:53:00,230089.86,BR010
ACC00095,CUST0067,Current,AED,Active,2021-09-09 21:12:00,149785.74,BR013
ACC00096,CUST0068,Fixed Deposit,INR,Active,2021-12-28 23:12:00,70401.5,BR007
ACC00097,CUST0069,Current,INR,Active,2022-07-27 20:19:00,250092.23,BR015
ACC00098,CUST0069,Savings,USD,Active,2021-06-06 23:02:00,203051.17,BR007
ACC00099,CUST0070,Loan,AED,Active,2022-10-14 07:59:00,36480.72,BR005
ACC00100,CUST0071,Savings,INR,Dormant,2019-10-17 07:44:00,324568.82,BR001
ACC00101,CUST0072,Savings,GBP,Dormant,2020-01-31 14:39:00,85759.35,BR019
ACC00102,CUST0072,Savings,USD,Active,2020-10-09 02:51:00,101719.25,BR011
ACC00103,CUST0073,Loan,GBP,Active,2022-10-07 17:08:00,161134.15,BR007
ACC00104,CUST0074,Current,GBP,Active,2021-01-26 04:48:00,207869.58,BR012
ACC00105,CUST0075,Loan,EUR,Closed,2019-10-07 04:06:00,395630.62,BR020
ACC00106,CUST0076,Current,USD,Dormant,2019-12-28 00:00:00,90116.72,BR003
ACC00107,CUST0077,Fixed Deposit,INR,Active,2022-03-16 22:08:00,103477.03,BR009
ACC00108,CUST0078,Loan,EUR,Closed,2019-10-01 19:11:00,358740.78,BR020
ACC00109,CUST0079,Fixed Deposit,GBP,Active,2022-08-31 07:12:00,59195.16,BR017
ACC00110,CUST0080,Fixed Deposit,AED,Active,2022-02-20 20:42:00,104450.3,BR002
ACC00111,CUST0081,Current,INR,Active,2020-06-07 21:59:00,22036.24,BR012
ACC00112,CUST0081,Fixed Deposit,EUR,Active,2021-05-30 19:51:00,445094.76,BR015
ACC00113,CUST0082,Savings,AED,Active,2019-09-13 15:32:00,58474.51,BR008
ACC00114,CUST0082,Loan,AED,Active,2021-11-20 06:47:00,338587.85,BR011
ACC00115,CUST0083,Savings,GBP,Active,2020-11-12 23:26:00,435008.21,BR013
ACC00116,CUST0083,Current,USD,Active,2022-04-03 01:56:00,218214.6,BR007
ACC00117,CUST0084,Loan,EUR,Active,2020-04-20 14:46:00,97480.38,BR012
ACC00118,CUST0085,Current,GBP,Active,2022-09-22 01:17:00,68682.5,BR015
ACC00119,CUST0086,Current,GBP,Active,2021-03-11 19:10:00,394878.71,BR020
ACC00120,CUST0087,Current,USD,Active,2022-06-18 15:55:00,497834.34,BR019
ACC00121,CUST0088,Loan,GBP,Active,2021-12-08 23:55:00,123703.76,BR011
ACC00122,CUST0089,Current,AED,Closed,2022-10-02 00:26:00,490101.93,BR002
ACC00123,CUST0090,Savings,INR,Active,2022-03-23 22:52:00,49450.6,BR016
ACC00124,CUST0091,Savings,INR,Closed,2020-04-12 11:18:00,119911.67,BR003
ACC00125,CUST0091,Savings,INR,Active,2020-06-11 22:29:00,429032.09,BR019
ACC00126,CUST0092,Loan,INR,Active,2021-10-23 05:50:00,435840.12,BR015
ACC00127,CUST0092,Savings,USD,Active,2021-05-27 16:02:00,148646.7,BR009
ACC00128,CUST0093,Current,USD,Active,2021-06-02 23:59:00,27878.43,BR012
ACC00129,CUST0094,Savings,INR,Active,2019-10-07 11:23:00,88046.07,BR018
ACC00130,CUST0095,Current,EUR,Closed,2020-11-15 17:07:00,324694.68,BR019
ACC00131,CUST0096,Current,EUR,Active,2021-01-13 16:43:00,211753.1,BR002
ACC00132,CUST0097,Fixed Deposit,INR,Active,2022-06-28 03:30:00,355057.73,BR018
ACC00133,CUST0097,Fixed Deposit,INR,Active,2019-11-27 06:57:00,442047.5,BR003
ACC00134,CUST0098,Current,GBP,Closed,2019-12-20 03:10:00,138333.4,BR005
ACC00135,CUST0098,Loan,EUR,Dormant,2022-06-16 20:01:00,146938.14,BR018
ACC00136,CUST0099,Loan,GBP,Active,2019-08-28 09:12:00,31943.28,BR008
ACC00137,CUST0100,Fixed Deposit,INR,Active,2021-05-14 15:37:00,333094.75,BR017
ACC00138,CUST0101,Loan,INR,Active,2020-04-11 09:10:00,394739.22,BR008
ACC00139,CUST0102,Fixed Deposit,USD,Active,2021-02-17 14:10:00,309505.8,BR006
ACC00140,CUST0103,Fixed Deposit,EUR,Closed,2020-05-25 05:15:00,58900.21,BR011
ACC00141,CUST0104,Loan,GBP,Active,2020-09-08 17:45:00,17827.2,BR011
ACC00142,CUST0105,Current,GBP,Active,2020-06-12 17:19:00,61184.27,BR001
ACC00143,CUST0106,Loan,EUR,Closed,2021-05-01 04:00:00,485090.01,BR018
ACC00144,CUST0107,Fixed Deposit,GBP,Active,2021-02-28 18:42:00,73968.2,BR019
ACC00145,CUST0108,Loan,GBP,Active,2022-03-22 01:08:00,339165.16,BR004
ACC00146,CUST0109,Loan,AED,Dormant,2022-01-14 11:05:00,163520.05,BR020
ACC00147,CUST0110,Current,GBP,Active,2020-01-03 17:54:00,223006.31,BR003
ACC00148,CUST0111,Loan,EUR,Active,2022-05-28 01:58:00,333549.81,BR013
ACC00149,CUST0112,Loan,GBP,Active,2019-08-09 09:22:00,176001.84,BR015
ACC00150,CUST0112,Savings,EUR,Active,2022-01-10 23:26:00,401940.91,BR010
ACC00151,CUST0113,Loan,INR,Active,2020-01-08 04:13:00,151963.95,BR017
ACC00152,CUST0113,Fixed Deposit,USD,Closed,2021-08-23 02:00:00,205025.59,BR009
ACC00153,CUST0114,Loan,AED,Active,2020-04-21 06:11:00,416225.72,BR010
ACC00154,CUST0115,Savings,GBP,Dormant,2021-03-29 15:35:00,370058.08,BR008
ACC00155,CUST0116,Savings,EUR,Active,2022-03-09 03:41:00,333123.77,BR010
ACC00156,CUST0116,Loan,EUR,Active,2020-11-28 00:07:00,382476.82,BR016
ACC00157,CUST0117,Savings,AED,Active,2022-10-18 15:36:00,218316.22,BR009
ACC00158,CUST0118,Loan,USD,Active,2022-10-06 00:54:00,130138.82,BR019
ACC00159,CUST0119,Fixed Deposit,INR,Dormant,2020-04-18 11:10:00,26917.72,BR012
ACC00160,CUST0119,Loan,GBP,Active,2021-03-04 16:40:00,468190.35,BR017
ACC00161,CUST0120,Current,USD,Active,2020-06-22 17:20:00,436285.35,BR010
ACC00162,CUST0120,Fixed Deposit,GBP,Active,2022-10-15 11:52:00,72286.9,BR005
ACC00163,CUST0121,Fixed Deposit,INR,Active,2020-06-13 03:13:00,77700.18,BR008
ACC00164,CUST0122,Savings,INR,Active,2019-12-19 03:52:00,66050.46,BR001
ACC00165,CUST0123,Fixed Deposit,GBP,Active,2022-01-06 19:33:00,381912.98,BR011
ACC00166,CUST0124,Fixed Deposit,USD,Active,2020-03-14 07:08:00,428479.2,BR005
ACC00167,CUST0124,Current,GBP,Active,2020-04-07 02:27:00,345563.66,BR004
ACC00168,CUST0125,Loan,INR,Active,2020-02-21 01:50:00,330064.53,BR019
ACC00169,CUST0125,Savings,INR,Active,2020-12-15 01:04:00,151172.08,BR001
ACC00170,CUST0126,Savings,AED,Active,2020-08-28 05:42:00,176091.07,BR003
ACC00171,CUST0127,Fixed Deposit,AED,Active,2020-06-08 16:49:00,364412.77,BR008
ACC00172,CUST0127,Savings,USD,Dormant,2019-08-13 16:13:00,358047.91,BR010
ACC00173,CUST0128,Savings,USD,Closed,2022-05-13 22:30:00,183548.28,BR019
ACC00174,CUST0128,Current,INR,Active,2020-02-20 05:53:00,177733.76,BR013
ACC00175,CUST0129,Current,INR,Active,2021-04-19 03:29:00,55602.92,BR005
ACC00176,CUST0130,Fixed Deposit,GBP,Active,2019-10-07 02:20:00,247109.54,BR013
ACC00177,CUST0131,Fixed Deposit,INR,Active,2021-10-27 09:54:00,214266.85,BR003
ACC00178,CUST0131,Loan,GBP,Active,2022-04-17 21:06:00,198486.69,BR017
ACC00179,CUST0132,Savings,USD,Active,2021-10-13 22:37:00,488796.64,BR006
ACC00180,CUST0133,Current,GBP,Active,2021-10-20 03:14:00,419135.51,BR016
ACC00181,CUST0133,Fixed Deposit,AED,Active,2021-10-12 11:30:00,333505.17,BR013
ACC00182,CUST0134,Fixed Deposit,EUR,Active,2020-02-22 03:16:00,244926.02,BR008
ACC00183,CUST0135,Current,USD,Active,2019-11-01 02:31:00,339214.67,BR006
ACC00184,CUST0136,Fixed Deposit,EUR,Active,2020-01-29 02:42:00,375929.07,BR016
ACC00185,CUST0137,Current,GBP,Active,2022-04-15 16:16:00,271447.84,BR018
ACC00186,CUST0138,Savings,INR,Dormant,2020-03-15 12:28:00,157622.32,BR013
ACC00187,CUST0139,Savings,USD,Active,2021-03-27 22:10:00,245994.06,BR005
ACC00188,CUST0140,Loan,INR,Active,2022-09-23 21:31:00,330209.26,BR018
ACC00189,CUST0141,Loan,AED,Dormant,2022-05-18 01:25:00,132063.8,BR019
ACC00190,CUST0142,Fixed Deposit,GBP,Active,2019-09-11 18:02:00,64534.93,BR012
ACC00191,CUST0143,Savings,GBP,Active,2021-12-08 11:22:00,206258.84,BR002
ACC00192,CUST0144,Current,EUR,Active,2020-01-05 22:04:00,434535.51,BR004
ACC00193,CUST0145,Savings,AED,Active,2022-02-13 21:55:00,211525.28,BR017
ACC00194,CUST0146,Fixed Deposit,USD,Active,2019-08-30 10:24:00,285391.59,BR011
ACC00195,CUST0147,Loan,USD,Active,2020-09-09 10:31:00,251632.88,BR011
ACC00196,CUST0148,Fixed Deposit,GBP,Closed,2020-09-01 15:40:00,423743.38,BR003
ACC00197,CUST0148,Current,GBP,Active,2021-03-15 18:25:00,402399.21,BR020
ACC00198,CUST0149,Savings,AED,Active,2021-06-04 08:04:00,283430.93,BR017
ACC00199,CUST0150,Current,GBP,Active,2021-03-25 16:51:00,150304.56,BR018
ACC00200,CUST0151,Loan,INR,Active,2022-06-05 14:42:00,381839.39,BR006
ACC00201,CUST0152,Current,AED,Active,2022-02-27 08:59:00,319144.22,BR020
ACC00202,CUST0153,Loan,AED,Active,2019-11-15 16:12:00,182455.2,BR005
ACC00203,CUST0154,Fixed Deposit,INR,Active,2019-11-24 20:13:00,423060.51,BR009
ACC00204,CUST0154,Fixed Deposit,EUR,Active,2020-11-10 12:15:00,57222.51,BR007
ACC00205,CUST0155,Fixed Deposit,INR,Active,2021-12-25 13:41:00,452874.98,BR007
ACC00206,CUST0155,Current,GBP,Active,2020-12-26 08:42:00,275577.7,BR002
ACC00207,CUST0156,Loan,USD,Active,2020-01-03 10:38:00,149340.6,BR003
ACC00208,CUST0157,Loan,GBP,Active,2020-01-16 12:53:00,362255.11,BR005
ACC00209,CUST0158,Savings,AED,Active,2022-10-16 16:16:00,248477.33,BR003
ACC00210,CUST0158,Current,AED,Active,2021-04-17 10:53:00,292370.95,BR013
ACC00211,CUST0159,Current,INR,Active,2020-02-19 05:13:00,484976.78,BR015
ACC00212,CUST0160,Savings,INR,Active,2020-03-03 10:34:00,212178.77,BR008
ACC00213,CUST0161,Current,GBP,Active,2021-08-07 09:01:00,322876.1,BR020
ACC00214,CUST0162,Savings,EUR,Active,2021-09-10 09:40:00,479262.56,BR012
ACC00215,CUST0162,Savings,AED,Dormant,2022-01-07 12:00:00,454939.66,BR013
ACC00216,CUST0163,Fixed Deposit,GBP,Active,2020-11-09 09:13:00,429778.66,BR006
ACC00217,CUST0164,Fixed Deposit,INR,Active,2021-01-27 02:52:00,389838.61,BR016
ACC00218,CUST0165,Loan,GBP,Active,2020-02-06 05:44:00,130854.55,BR003
ACC00219,CUST0166,Fixed Deposit,INR,Active,2019-10-30 20:41:00,92277.94,BR015
ACC00220,CUST0167,Current,USD,Active,2021-04-01 10:36:00,41574.91,BR006
ACC00221,CUST0168,Current,AED,Active,2021-04-30 14:30:00,436816.17,BR005
ACC00222,CUST0168,Fixed Deposit,EUR,Active,2021-05-16 09:12:00,42657.28,BR012
ACC00223,CUST0169,Loan,AED,Active,2019-09-01 17:41:00,306195.58,BR008
ACC00224,CUST0169,Savings,INR,Active,2020-06-25 01:25:00,309193.02,BR020
ACC00225,CUST0170,Savings,GBP,Active,2022-09-19 03:00:00,359432.42,BR014
ACC00226,CUST0170,Loan,INR,Active,2020-09-04 06:55:00,406799.51,BR009
ACC00227,CUST0171,Loan,INR,Active,2020-09-11 19:13:00,497606.12,BR010
ACC00228,CUST0171,Current,INR,Active,2020-05-09 00:18:00,488076.02,BR008
ACC00229,CUST0172,Current,GBP,Active,2022-02-08 02:00:00,234706.36,BR011
ACC00230,CUST0173,Loan,EUR,Active,2021-11-28 23:38:00,128484.68,BR004
ACC00231,CUST0174,Savings,GBP,Closed,2022-03-06 11:38:00,469691.31,BR020
ACC00232,CUST0175,Savings,USD,Active,2021-09-03 09:25:00,335795.38,BR005
ACC00233,CUST0176,Savings,AED,Active,2020-06-27 16:31:00,465198.31,BR015
ACC00234,CUST0177,Fixed Deposit,AED,Active,2020-12-30 03:20:00,22559.0,BR005
ACC00235,CUST0177,Loan,GBP,Active,2021-12-12 09:57:00,438529.72,BR020
ACC00236,CUST0178,Fixed Deposit,AED,Active,2020-06-17 10:47:00,497285.25,BR005
ACC00237,CUST0179,Loan,USD,Active,2019-11-04 07:11:00,18413.19,BR009
ACC00238,CUST0180,Loan,INR,Active,2022-04-24 01:28:00,178581.8,BR018
ACC00239,CUST0180,Loan,INR,Active,2020-05-14 03:22:00,47242.15,BR010
ACC00240,CUST0181,Current,AED,Dormant,2022-09-11 21:37:00,106591.88,BR001
ACC00241,CUST0181,Current,INR,Closed,2020-12-01 15:43:00,47605.46,BR011
ACC00242,CUST0182,Savings,INR,Active,2020-02-18 10:09:00,14922.81,BR015
ACC00243,CUST0182,Loan,INR,Active,2021-01-17 19:42:00,3399.78,BR002
ACC00244,CUST0183,Loan,GBP,Closed,2022-09-23 04:13:00,431707.78,BR010
ACC00245,CUST0184,Savings,USD,Active,2021-09-04 02:25:00,127954.37,BR008
ACC00246,CUST0185,Loan,USD,Active,2020-09-14 05:24:00,389856.53,BR010
ACC00247,CUST0186,Current,USD,Active,2021-12-17 23:51:00,460889.05,BR020
ACC00248,CUST0187,Savings,GBP,Active,2022-04-13 14:56:00,194350.72,BR009
ACC00249,CUST0187,Loan,USD,Active,2021-08-08 19:11:00,217335.91,BR014
ACC00250,CUST0188,Fixed Deposit,INR,Active,2020-05-28 15:33:00,314965.01,BR017
ACC00251,CUST0188,Savings,GBP,Active,2019-12-25 15:19:00,74728.97,BR005
ACC00252,CUST0189,Fixed Deposit,EUR,Active,2021-03-12 18:03:00,275721.67,BR002
ACC00253,CUST0190,Loan,INR,Active,2022-09-22 08:22:00,127802.67,BR003
ACC00254,CUST0191,Savings,USD,Active,2022-02-17 05:50:00,91512.96,BR013
ACC00255,CUST0192,Loan,GBP,Active,2022-02-01 21:28:00,312093.29,BR009
ACC00256,CUST0192,Fixed Deposit,EUR,Active,2019-12-23 23:38:00,130029.18,BR004
ACC00257,CUST0193,Savings,USD,Active,2019-08-12 05:41:00,238821.38,BR013
ACC00258,CUST0194,Loan,GBP,Active,2021-07-23 22:43:00,481589.23,BR013
ACC00259,CUST0195,Savings,EUR,Active,2020-08-09 03:52:00,8434.68,BR007
ACC00260,CUST0196,Current,INR,Active,2020-11-22 13:53:00,313216.55,BR018
ACC00261,CUST0197,Fixed Deposit,INR,Active,2021-11-26 00:07:00,83469.69,BR005
ACC00262,CUST0197,Loan,INR,Active,2022-01-21 18:15:00,101068.54,BR019
ACC00263,CUST0198,Loan,USD,Active,2020-02-11 20:54:00,356689.86,BR014
ACC00264,CUST0199,Fixed Deposit,USD,Active,2022-04-06 16:37:00,362444.79,BR016
ACC00265,CUST0200,Savings,AED,Active,2022-10-08 10:35:00,32223.53,BR014
ACC00266,CUST0200,Loan,USD,Active,2021-06-25 14:44:00,218396.89,BR006
ACC00267,CUST0201,Current,INR,Active,2020-11-02 16:14:00,294035.53,BR011
ACC00268,CUST0201,Loan,EUR,Dormant,2021-09-22 13:53:00,470627.9,BR012
ACC00269,CUST0202,Current,AED,Active,2020-01-08 21:30:00,64983.73,BR007
ACC00270,CUST0203,Loan,USD,Active,2022-04-22 09:15:00,105111.75,BR002
ACC00271,CUST0203,Savings,GBP,Dormant,2021-07-16 21:10:00,87770.04,BR017
ACC00272,CUST0204,Savings,GBP,Active,2020-10-22 03:35:00,112435.77,BR009
ACC00273,CUST0204,Fixed Deposit,GBP,Active,2022-08-29 08:57:00,76013.6,BR017
ACC00274,CUST0205,Savings,USD,Closed,2021-12-28 14:53:00,378004.29,BR004
ACC00275,CUST0206,Savings,AED,Active,2020-02-16 05:40:00,59470.65,BR007
ACC00276,CUST0207,Current,GBP,Active,2022-05-17 15:46:00,435311.11,BR005
ACC00277,CUST0208,Fixed Deposit,EUR,Active,2020-09-01 14:26:00,384725.04,BR001
ACC00278,CUST0209,Loan,GBP,Active,2020-06-30 02:17:00,186531.96,BR014
ACC00279,CUST0209,Fixed Deposit,EUR,Active,2022-07-04 13:50:00,114476.91,BR014
ACC00280,CUST0210,Loan,INR,Closed,2022-06-07 21:23:00,471898.26,BR015
ACC00281,CUST0211,Savings,AED,Closed,2020-01-05 10:20:00,201124.61,BR006
ACC00282,CUST0211,Loan,USD,Active,2019-09-29 21:59:00,320912.14,BR019
ACC00283,CUST0212,Fixed Deposit,INR,Active,2022-08-22 09:46:00,371477.4,BR012
ACC00284,CUST0212,Savings,GBP,Dormant,2020-05-11 22:25:00,223371.43,BR007
ACC00285,CUST0213,Loan,GBP,Dormant,2021-10-21 06:56:00,151114.94,BR002
ACC00286,CUST0214,Loan,EUR,Active,2022-07-27 09:13:00,46863.37,BR018
ACC00287,CUST0215,Fixed Deposit,EUR,Active,2022-07-25 18:16:00,121049.22,BR010
ACC00288,CUST0216,Savings,USD,Dormant,2020-12-28 20:32:00,177559.44,BR002
ACC00289,CUST0217,Savings,INR,Active,2019-07-26 14:21:00,491483.81,BR019
ACC00290,CUST0218,Current,GBP,Active,2022-10-01 21:08:00,357318.31,BR017
ACC00291,CUST0219,Savings,GBP,Active,2020-08-13 11:29:00,49444.92,BR014
ACC00292,CUST0220,Savings,USD,Active,2020-04-07 15:13:00,223358.96,BR012
ACC00293,CUST0221,Loan,AED,Active,2021-10-01 08:37:00,249664.24,BR014
ACC00294,CUST0222,Loan,INR,Dormant,2020-05-06 16:08:00,242639.82,BR015
ACC00295,CUST0223,Savings,EUR,Active,2019-09-20 23:10:00,472062.75,BR012
ACC00296,CUST0223,Savings,AED,Dormant,2020-02-26 03:23:00,286096.49,BR002
ACC00297,CUST0224,Savings,GBP,Active,2021-08-20 09:18:00,243219.81,BR005
ACC00298,CUST0225,Loan,USD,Closed,2021-03-31 09:13:00,91947.03,BR016
ACC00299,CUST0225,Savings,USD,Active,2019-12-01 01:26:00,240847.63,BR010
ACC00300,CUST0226,Fixed Deposit,INR,Active,2020-04-12 04:32:00,318411.9,BR015
ACC00301,CUST0227,Current,GBP,Active,2021-10-31 12:14:00,450172.09,BR011
ACC00302,CUST0228,Loan,GBP,Active,2020-06-19 22:01:00,286211.4,BR010
ACC00303,CUST0229,Savings,AED,Active,2022-07-29 18:48:00,26910.76,BR019
ACC00304,CUST0230,Loan,AED,Dormant,2020-03-18 21:59:00,266163.79,BR001
ACC00305,CUST0231,Current,EUR,Dormant,2022-10-14 14:05:00,403557.05,BR020
ACC00306,CUST0231,Fixed Deposit,INR,Active,2022-04-17 00:21:00,218790.2,BR014
ACC00307,CUST0232,Fixed Deposit,INR,Active,2020-03-06 03:34:00,84493.92,BR005
ACC00308,CUST0232,Current,GBP,Active,2020-05-26 09:26:00,339464.98,BR002
ACC00309,CUST0233,Fixed Deposit,EUR,Active,2019-11-12 09:24:00,49822.74,BR005
ACC00310,CUST0234,Fixed Deposit,GBP,Active,2020-03-19 01:12:00,120191.67,BR020
ACC00311,CUST0235,Loan,AED,Active,2021-09-11 03:17:00,30785.67,BR015
ACC00312,CUST0236,Savings,INR,Active,2020-11-05 00:17:00,277260.59,BR019
ACC00313,CUST0237,Current,AED,Active,2020-03-29 09:36:00,203669.59,BR003
ACC00314,CUST0238,Current,EUR,Active,2020-06-24 07:34:00,476330.01,BR018
ACC00315,CUST0239,Savings,INR,Closed,2021-02-27 20:10:00,771.19,BR016
ACC00316,CUST0240,Fixed Deposit,INR,Closed,2020-09-23 18:53:00,255409.05,BR002
ACC00317,CUST0240,Current,AED,Active,2021-03-22 02:25:00,349365.44,BR005
ACC00318,CUST0241,Fixed Deposit,INR,Active,2022-05-14 10:56:00,341209.45,BR011
ACC00319,CUST0242,Loan,GBP,Active,2021-05-04 10:13:00,230169.77,BR020
ACC00320,CUST0243,Current,USD,Active,2019-07-24 00:43:00,87181.24,BR018
ACC00321,CUST0244,Loan,INR,Active,2019-12-21 17:01:00,446339.81,BR015
ACC00322,CUST0245,Fixed Deposit,INR,Dormant,2021-07-18 12:11:00,419653.32,BR001
ACC00323,CUST0246,Fixed Deposit,EUR,Active,2020-10-11 23:01:00,379331.29,BR012
ACC00324,CUST0246,Current,USD,Dormant,2021-03-27 22:14:00,117511.84,BR016
ACC00325,CUST0247,Savings,GBP,Active,2020-09-16 00:12:00,492139.64,BR013
ACC00326,CUST0248,Fixed Deposit,AED,Active,2020-06-29 17:12:00,330089.29,BR019
ACC00327,CUST0248,Current,USD,Active,2019-11-26 04:16:00,466814.92,BR008
ACC00328,CUST0249,Fixed Deposit,EUR,Dormant,2019-09-01 22:43:00,266704.29,BR009
ACC00329,CUST0250,Loan,USD,Closed,2019-10-30 10:27:00,422248.61,BR014
ACC00330,CUST0251,Loan,INR,Active,2019-10-13 23:14:00,23958.84,BR014
ACC00331,CUST0251,Loan,GBP,Active,2020-08-17 10:05:00,440109.18,BR001
ACC00332,CUST0252,Current,INR,Closed,2020-12-08 06:10:00,164947.7,BR003
ACC00333,CUST0253,Savings,USD,Active,2019-09-03 18:51:00,313335.41,BR011
ACC00334,CUST0254,Current,USD,Active,2021-06-12 01:52:00,167127.43,BR008
ACC00335,CUST0255,Loan,USD,Active,2022-10-13 03:05:00,487275.53,BR002
ACC00336,CUST0256,Savings,EUR,Active,2022-01-06 01:19:00,305563.95,BR014
ACC00337,CUST0257,Savings,AED,Active,2021-09-04 12:06:00,308842.34,BR014
ACC00338,CUST0257,Current,AED,Active,2019-08-06 14:24:00,232372.44,BR014
ACC00339,CUST0258,Savings,GBP,Active,2019-09-07 14:33:00,164432.74,BR007
ACC00340,CUST0259,Savings,AED,Active,2020-08-15 18:08:00,318863.19,BR009
ACC00341,CUST0259,Fixed Deposit,INR,Active,2022-01-11 05:15:00,69267.52,BR002
ACC00342,CUST0260,Fixed Deposit,AED,Active,2021-07-17 09:37:00,442668.34,BR005
ACC00343,CUST0260,Current,INR,Active,2021-06-17 09:23:00,485150.39,BR017
ACC00344,CUST0261,Current,USD,Active,2022-09-03 01:27:00,172236.14,BR007
ACC00345,CUST0262,Current,USD,Active,2022-03-16 22:44:00,490970.67,BR020
ACC00346,CUST0263,Fixed Deposit,AED,Active,2021-05-19 05:06:00,227423.9,BR002
ACC00347,CUST0264,Savings,EUR,Active,2022-02-25 19:13:00,119890.01,BR011
ACC00348,CUST0265,Loan,EUR,Active,2019-07-29 11:00:00,37328.71,BR001
ACC00349,CUST0266,Current,GBP,Active,2022-10-27 11:02:00,487666.98,BR007
ACC00350,CUST0267,Current,EUR,Dormant,2020-07-06 10:54:00,277475.23,BR006
ACC00351,CUST0267,Current,USD,Active,2021-01-02 03:01:00,415807.15,BR005
ACC00352,CUST0268,Savings,GBP,Closed,2021-03-31 14:15:00,185135.51,BR012
ACC00353,CUST0269,Loan,USD,Active,2020-04-08 06:12:00,266511.08,BR012
ACC00354,CUST0270,Loan,EUR,Closed,2020-08-06 17:18:00,394899.1,BR011
ACC00355,CUST0271,Fixed Deposit,EUR,Dormant,2022-10-24 15:13:00,363785.62,BR016
ACC00356,CUST0271,Savings,EUR,Active,2022-05-23 11:31:00,259686.74,BR006
ACC00357,CUST0272,Fixed Deposit,AED,Active,2022-04-24 15:17:00,290802.75,BR019
ACC00358,CUST0273,Current,EUR,Dormant,2022-01-26 07:25:00,109687.57,BR014
ACC00359,CUST0274,Current,GBP,Active,2020-01-05 04:48:00,42472.06,BR015
ACC00360,CUST0275,Current,AED,Active,2022-05-30 19:21:00,213338.12,BR015
ACC00361,CUST0276,Fixed Deposit,INR,Active,2021-09-06 00:11:00,221123.4,BR009
ACC00362,CUST0277,Fixed Deposit,USD,Active,2022-05-08 16:34:00,322005.37,BR009
ACC00363,CUST0278,Savings,USD,Active,2019-10-02 17:12:00,167212.04,BR011
ACC00364,CUST0279,Fixed Deposit,EUR,Active,2020-04-23 22:47:00,271791.26,BR009
ACC00365,CUST0279,Savings,GBP,Active,2021-06-24 12:25:00,411019.73,BR001
ACC00366,CUST0280,Current,INR,Active,2020-09-17 15:14:00,258154.76,BR018
ACC00367,CUST0281,Loan,GBP,Active,2021-04-17 06:27:00,385180.47,BR014
ACC00368,CUST0282,Loan,AED,Active,2020-04-25 18:55:00,64608.65,BR001
ACC00369,CUST0282,Loan,GBP,Active,2021-11-20 13:43:00,376436.78,BR018
ACC00370,CUST0283,Savings,AED,Active,2020-04-25 04:21:00,284311.35,BR020
ACC00371,CUST0283,Loan,INR,Active,2021-09-23 02:34:00,193523.7,BR016
ACC00372,CUST0284,Loan,GBP,Active,2020-02-14 21:35:00,89229.23,BR020
ACC00373,CUST0284,Loan,USD,Active,2019-12-05 12:18:00,103343.2,BR010
ACC00374,CUST0285,Savings,INR,Active,2022-06-11 00:10:00,163722.65,BR014
ACC00375,CUST0286,Savings,EUR,Active,2022-03-21 23:04:00,194801.95,BR007
ACC00376,CUST0287,Current,GBP,Active,2022-03-14 05:38:00,287758.15,BR010
ACC00377,CUST0287,Current,AED,Active,2022-02-09 08:12:00,4217.93,BR005
ACC00378,CUST0288,Loan,AED,Dormant,2022-06-26 10:58:00,284829.92,BR016
ACC00379,CUST0289,Savings,USD,Active,2022-02-04 11:44:00,421398.42,BR010
ACC00380,CUST0290,Current,INR,Active,2021-12-16 14:24:00,455461.13,BR006
ACC00381,CUST0291,Savings,INR,Active,2019-10-13 07:56:00,435334.53,BR009
ACC00382,CUST0292,Fixed Deposit,USD,Active,2020-10-02 15:26:00,496198.67,BR018
ACC00383,CUST0293,Fixed Deposit,USD,Active,2022-05-14 10:26:00,225742.52,BR009
ACC00384,CUST0293,Current,AED,Active,2019-09-08 02:40:00,347395.61,BR015
ACC00385,CUST0294,Loan,EUR,Active,2019-08-06 08:07:00,354695.25,BR005
ACC00386,CUST0295,Loan,INR,Active,2020-01-01 17:42:00,121525.66,BR015
ACC00387,CUST0296,Fixed Deposit,EUR,Active,2019-08-21 19:06:00,89029.68,BR004
ACC00388,CUST0296,Loan,EUR,Active,2019-08-07 21:17:00,77171.49,BR012
ACC00389,CUST0297,Savings,AED,Active,2019-10-21 20:51:00,261675.79,BR004
ACC00390,CUST0297,Loan,GBP,Active,2019-07-25 01:49:00,189009.07,BR007
ACC00391,CUST0298,Fixed Deposit,EUR,Active,2019-08-17 13:01:00,494650.67,BR011
ACC00392,CUST0299,Savings,EUR,Closed,2020-01-29 21:10:00,362143.74,BR002
ACC00393,CUST0300,Savings,GBP,Active,2020-08-07 19:13:00,467196.52,BR013
ACC00394,CUST0301,Savings,EUR,Active,2021-07-15 10:11:00,7989.79,BR011
ACC00395,CUST0302,Current,INR,Active,2021-02-05 20:39:00,184805.49,BR003
ACC00396,CUST0302,Current,INR,Active,2022-05-04 03:45:00,268322.67,BR019
ACC00397,CUST0303,Savings,AED,Active,2021-09-18 21:59:00,486197.24,BR005
ACC00398,CUST0303,Fixed Deposit,EUR,Active,2021-04-27 21:30:00,34222.98,BR001
ACC00399,CUST0304,Loan,INR,Active,2020-11-03 16:37:00,352462.25,BR001
ACC00400,CUST0305,Savings,GBP,Active,2021-12-09 07:39:00,40155.13,BR005
ACC00401,CUST0305,Fixed Deposit,INR,Active,2020-05-21 12:13:00,321198.43,BR008
ACC00402,CUST0306,Loan,GBP,Active,2021-04-26 20:50:00,380366.69,BR017
ACC00403,CUST0307,Loan,GBP,Active,2020-10-27 23:21:00,171692.84,BR007
ACC00404,CUST0308,Current,EUR,Active,2021-09-04 16:20:00,92180.96,BR001
ACC00405,CUST0309,Loan,USD,Closed,2019-10-30 20:09:00,469168.13,BR005
ACC00406,CUST0309,Savings,EUR,Active,2020-09-06 07:32:00,39543.17,BR015
ACC00407,CUST0310,Current,EUR,Active,2020-12-06 09:18:00,288422.7,BR007
ACC00408,CUST0311,Loan,USD,Closed,2021-07-21 12:24:00,84299.14,BR015
ACC00409,CUST0311,Loan,AED,Active,2021-12-19 04:52:00,476901.88,BR016
ACC00410,CUST0312,Loan,INR,Dormant,2021-03-21 19:34:00,76822.96,BR006
ACC00411,CUST0312,Fixed Deposit,INR,Active,2022-01-29 09:24:00,281289.98,BR016
ACC00412,CUST0313,Current,INR,Active,2020-08-07 00:00:00,430896.74,BR012
ACC00413,CUST0313,Loan,INR,Closed,2021-10-01 23:23:00,192326.69,BR010
ACC00414,CUST0314,Savings,INR,Dormant,2020-03-26 12:59:00,283021.49,BR007
ACC00415,CUST0315,Fixed Deposit,GBP,Active,2022-04-11 20:44:00,184406.18,BR002
ACC00416,CUST0316,Loan,EUR,Active,2019-09-24 11:40:00,353426.2,BR001
ACC00417,CUST0317,Current,GBP,Active,2020-05-12 08:15:00,301273.59,BR006
ACC00418,CUST0318,Savings,INR,Active,2022-10-28 02:33:00,455019.6,BR014
ACC00419,CUST0318,Current,INR,Active,2021-03-25 16:34:00,329413.79,BR013
ACC00420,CUST0319,Loan,USD,Active,2022-09-30 11:52:00,71785.38,BR007
ACC00421,CUST0320,Loan,GBP,Active,2020-06-24 15:00:00,48886.9,BR014
ACC00422,CUST0321,Fixed Deposit,INR,Active,2021-08-21 05:45:00,67598.87,BR016
ACC00423,CUST0322,Savings,INR,Active,2020-09-23 05:12:00,29961.54,BR006
ACC00424,CUST0322,Current,GBP,Closed,2021-10-30 14:40:00,456529.22,BR004
ACC00425,CUST0323,Current,USD,Active,2021-08-27 03:17:00,32599.09,BR001
ACC00426,CUST0324,Loan,INR,Active,2020-02-07 00:03:00,133407.33,BR001
ACC00427,CUST0325,Savings,USD,Active,2019-07-30 12:38:00,260277.02,BR009
ACC00428,CUST0326,Loan,GBP,Active,2021-06-04 11:43:00,445131.02,BR011
ACC00429,CUST0327,Fixed Deposit,INR,Active,2019-11-10 11:55:00,165462.5,BR004
ACC00430,CUST0328,Loan,EUR,Active,2020-03-23 16:17:00,475555.44,BR008
ACC00431,CUST0328,Fixed Deposit,INR,Active,2022-03-15 16:26:00,330284.09,BR001
ACC00432,CUST0329,Fixed Deposit,USD,Active,2019-10-17 23:20:00,339125.75,BR008
ACC00433,CUST0330,Loan,AED,Active,2021-06-28 13:59:00,470768.07,BR016
ACC00434,CUST0331,Savings,INR,Active,2020-08-18 22:09:00,434994.43,BR019
ACC00435,CUST0332,Savings,EUR,Active,2020-01-10 09:53:00,336694.55,BR018
ACC00436,CUST0333,Loan,EUR,Dormant,2020-03-08 15:42:00,270563.62,BR008
ACC00437,CUST0334,Savings,USD,Active,2019-09-13 05:59:00,464519.2,BR013
ACC00438,CUST0334,Fixed Deposit,EUR,Active,2022-03-17 21:07:00,332905.45,BR018
ACC00439,CUST0335,Loan,USD,Active,2021-05-27 07:59:00,288198.06,BR020
ACC00440,CUST0336,Fixed Deposit,INR,Dormant,2021-09-04 20:41:00,392648.4,BR014
ACC00441,CUST0336,Current,EUR,Active,2021-03-02 02:07:00,45025.14,BR019
ACC00442,CUST0337,Savings,AED,Active,2021-04-17 12:36:00,368590.49,BR010
ACC00443,CUST0338,Current,INR,Closed,2021-04-30 11:51:00,339811.43,BR005
ACC00444,CUST0338,Current,USD,Active,2022-07-22 14:20:00,72778.04,BR010
ACC00445,CUST0339,Loan,INR,Active,2021-02-15 04:47:00,332842.68,BR002
ACC00446,CUST0340,Fixed Deposit,AED,Closed,2020-03-24 08:54:00,353407.87,BR016
ACC00447,CUST0341,Current,INR,Active,2021-08-25 01:51:00,166905.7,BR007
ACC00448,CUST0342,Current,USD,Closed,2020-07-16 15:46:00,196208.03,BR006
ACC00449,CUST0343,Loan,GBP,Active,2022-03-11 11:48:00,195985.68,BR003
ACC00450,CUST0344,Fixed Deposit,GBP,Active,2020-08-18 22:54:00,274231.01,BR004
ACC00451,CUST0345,Savings,GBP,Active,2020-06-15 18:08:00,221220.93,BR016
ACC00452,CUST0345,Fixed Deposit,EUR,Active,2020-08-19 23:41:00,5061.69,BR019
ACC00453,CUST0346,Current,INR,Closed,2021-12-06 21:53:00,84527.35,BR002
ACC00454,CUST0346,Savings,GBP,Closed,2020-07-17 01:07:00,490148.24,BR011
ACC00455,CUST0347,Current,INR,Active,2020-03-15 07:25:00,244568.63,BR020
ACC00456,CUST0348,Loan,USD,Active,2021-09-05 08:40:00,326771.14,BR012
ACC00457,CUST0349,Savings,USD,Active,2022-05-24 07:01:00,293631.82,BR019
ACC00458,CUST0349,Loan,GBP,Active,2020-01-25 18:11:00,192287.96,BR014
ACC00459,CUST0350,Current,USD,Active,2022-07-20 05:25:00,406527.53,BR001
ACC00460,CUST0350,Loan,AED,Dormant,2022-07-05 15:04:00,259691.11,BR019
ACC00461,CUST0351,Savings,EUR,Closed,2020-03-12 05:55:00,299751.75,BR006
ACC00462,CUST0352,Loan,GBP,Active,2020-04-04 18:13:00,326493.93,BR003
ACC00463,CUST0352,Fixed Deposit,USD,Active,2020-03-27 16:19:00,182098.04,BR018
ACC00464,CUST0353,Savings,EUR,Active,2022-06-13 09:42:00,267284.15,BR005
ACC00465,CUST0353,Loan,GBP,Active,2021-07-06 19:34:00,255539.88,BR004
ACC00466,CUST0354,Savings,EUR,Active,2020-05-01 09:54:00,416397.59,BR005
ACC00467,CUST0355,Current,AED,Active,2020-04-04 23:39:00,211296.5,BR018
ACC00468,CUST0356,Loan,EUR,Active,2020-01-02 08:43:00,212959.01,BR005
ACC00469,CUST0356,Current,USD,Active,2021-01-17 20:44:00,322962.83,BR012
ACC00470,CUST0357,Current,INR,Dormant,2021-04-23 13:24:00,13441.98,BR020
ACC00471,CUST0358,Fixed Deposit,USD,Active,2022-08-12 13:04:00,165014.08,BR003
ACC00472,CUST0358,Fixed Deposit,GBP,Active,2020-05-10 07:17:00,5426.73,BR013
ACC00473,CUST0359,Current,INR,Closed,2020-03-24 05:33:00,364299.54,BR010
ACC00474,CUST0360,Loan,USD,Active,2022-09-29 09:35:00,135891.46,BR004
ACC00475,CUST0361,Current,GBP,Closed,2021-09-20 05:22:00,403139.46,BR018
ACC00476,CUST0362,Loan,INR,Active,2020-12-27 00:43:00,257025.93,BR005
ACC00477,CUST0363,Current,INR,Active,2021-01-13 01:58:00,362846.93,BR012
ACC00478,CUST0364,Current,AED,Active,2022-02-07 05:28:00,493130.01,BR015
ACC00479,CUST0365,Fixed Deposit,INR,Active,2020-10-26 09:40:00,429031.78,BR010
ACC00480,CUST0366,Fixed Deposit,USD,Active,2019-12-20 23:15:00,472461.04,BR006
ACC00481,CUST0367,Savings,GBP,Active,2022-04-20 00:27:00,338678.02,BR005
ACC00482,CUST0368,Savings,INR,Active,2020-08-08 23:00:00,357222.96,BR018
ACC00483,CUST0369,Current,AED,Active,2019-10-10 19:28:00,482341.37,BR017
ACC00484,CUST0370,Current,USD,Active,2020-04-14 16:22:00,476265.56,BR014
ACC00485,CUST0371,Current,GBP,Closed,2021-06-07 21:15:00,415947.34,BR004
ACC00486,CUST0372,Loan,GBP,Active,2019-07-20 23:40:00,284636.55,BR007
ACC00487,CUST0372,Fixed Deposit,AED,Dormant,2019-09-26 14:57:00,309065.47,BR016
ACC00488,CUST0373,Savings,AED,Active,2021-03-18 11:06:00,3074.63,BR006
ACC00489,CUST0373,Loan,GBP,Active,2021-12-14 15:12:00,42829.52,BR017
ACC00490,CUST0374,Loan,USD,Dormant,2019-07-30 04:49:00,328488.41,BR008
ACC00491,CUST0375,Fixed Deposit,GBP,Active,2020-07-23 17:51:00,135106.1,BR015
ACC00492,CUST0376,Loan,EUR,Active,2021-12-20 00:22:00,441846.34,BR007
ACC00493,CUST0377,Fixed Deposit,USD,Active,2021-11-24 23:21:00,450548.41,BR006
ACC00494,CUST0377,Current,INR,Closed,2021-01-10 03:26:00,244789.38,BR016
ACC00495,CUST0378,Current,GBP,Active,2021-10-11 16:46:00,461818.84,BR013
ACC00496,CUST0379,Savings,USD,Active,2021-06-19 16:00:00,383808.78,BR008
ACC00497,CUST0379,Savings,GBP,Active,2019-08-01 13:30:00,145088.58,BR016
ACC00498,CUST0380,Loan,EUR,Active,2022-05-28 05:15:00,140928.85,BR004
ACC00499,CUST0380,Fixed Deposit,EUR,Active,2021-12-10 06:30:00,353377.22,BR004
ACC00500,CUST0381,Current,EUR,Closed,2020-05-15 07:07:00,66581.76,BR002
ACC00501,CUST0382,Current,EUR,Active,2020-08-27 02:55:00,25952.21,BR014
ACC00502,CUST0382,Fixed Deposit,EUR,Active,2021-12-04 15:03:00,255176.91,BR002
ACC00503,CUST0383,Fixed Deposit,GBP,Active,2021-07-03 22:26:00,123860.83,BR002
ACC00504,CUST0384,Savings,USD,Active,2021-05-04 06:18:00,236293.05,BR020
ACC00505,CUST0384,Savings,INR,Active,2022-04-17 11:21:00,152526.17,BR004
ACC00506,CUST0385,Current,GBP,Active,2021-07-25 23:49:00,294661.08,BR020
ACC00507,CUST0386,Fixed Deposit,EUR,Active,2020-01-10 03:08:00,314964.53,BR020
ACC00508,CUST0387,Current,EUR,Active,2020-02-03 02:34:00,309695.68,BR010
ACC00509,CUST0387,Loan,EUR,Active,2020-05-25 01:08:00,96257.51,BR018
ACC00510,CUST0388,Fixed Deposit,GBP,Active,2020-03-12 13:04:00,241668.9,BR017
ACC00511,CUST0389,Savings,EUR,Active,2020-04-05 09:02:00,477923.56,BR002
ACC00512,CUST0390,Current,INR,Active,2022-07-10 16:04:00,83176.35,BR017
ACC00513,CUST0391,Loan,INR,Active,2020-09-11 05:00:00,80421.53,BR007
ACC00514,CUST0392,Savings,AED,Active,2022-06-25 08:19:00,426311.3,BR010
ACC00515,CUST0393,Savings,EUR,Active,2022-07-12 07:18:00,20025.79,BR005
ACC00516,CUST0394,Fixed Deposit,EUR,Active,2019-10-29 20:15:00,494773.37,BR007
ACC00517,CUST0395,Savings,GBP,Active,2021-08-09 10:05:00,473240.7,BR018
ACC00518,CUST0396,Current,INR,Dormant,2021-03-10 10:03:00,313164.67,BR001
ACC00519,CUST0396,Fixed Deposit,EUR,Active,2021-02-07 05:16:00,485816.55,BR018
ACC00520,CUST0397,Savings,INR,Closed,2020-12-24 20:40:00,302368.67,BR007
ACC00521,CUST0398,Current,GBP,Active,2022-10-19 20:51:00,429181.56,BR013
ACC00522,CUST0399,Current,INR,Active,2022-03-23 02:31:00,91166.02,BR006
ACC00523,CUST0399,Current,EUR,Active,2020-07-19 20:18:00,11013.13,BR006
ACC00524,CUST0400,Loan,AED,Active,2020-05-04 02:27:00,123004.29,BR013
ACC00525,CUST0401,Current,USD,Active,2021-08-27 12:01:00,55462.74,BR001
ACC00526,CUST0401,Savings,EUR,Active,2020-01-03 08:09:00,469329.9,BR020
ACC00527,CUST0402,Savings,USD,Active,2021-06-08 22:05:00,101559.66,BR016
ACC00528,CUST0402,Loan,EUR,Active,2022-03-22 04:15:00,28409.82,BR009
ACC00529,CUST0403,Savings,USD,Dormant,2020-02-11 17:18:00,51731.76,BR014
ACC00530,CUST0404,Current,USD,Active,2021-09-12 04:22:00,327854.62,BR008
ACC00531,CUST0404,Loan,USD,Active,2020-02-26 07:06:00,478255.01,BR010
ACC00532,CUST0405,Fixed Deposit,USD,Active,2020-01-05 01:38:00,75975.93,BR014
ACC00533,CUST0406,Current,INR,Active,2021-03-24 19:52:00,143859.27,BR004
ACC00534,CUST0407,Loan,GBP,Closed,2019-12-19 00:55:00,466580.93,BR005
ACC00535,CUST0407,Current,GBP,Active,2022-01-15 23:50:00,392880.27,BR016
ACC00536,CUST0408,Savings,AED,Active,2021-02-05 04:05:00,161865.18,BR005
ACC00537,CUST0409,Loan,GBP,Active,2021-11-30 15:44:00,486438.01,BR020
ACC00538,CUST0409,Fixed Deposit,EUR,Dormant,2020-11-30 12:26:00,274894.96,BR018
ACC00539,CUST0410,Current,INR,Active,2021-11-25 16:36:00,388407.98,BR008
ACC00540,CUST0411,Current,GBP,Active,2019-08-20 11:35:00,237226.21,BR005
ACC00541,CUST0412,Savings,GBP,Active,2020-04-26 09:29:00,72498.05,BR018
ACC00542,CUST0413,Loan,EUR,Active,2020-10-17 01:47:00,69331.76,BR005
ACC00543,CUST0414,Savings,INR,Active,2020-02-18 21:37:00,37348.26,BR020
ACC00544,CUST0415,Savings,EUR,Active,2019-12-24 07:04:00,6732.61,BR014
ACC00545,CUST0416,Current,INR,Active,2022-06-30 22:19:00,235357.16,BR011
ACC00546,CUST0416,Loan,USD,Active,2020-05-30 01:56:00,321405.91,BR020
ACC00547,CUST0417,Current,USD,Active,2021-11-29 21:56:00,227421.11,BR009
ACC00548,CUST0418,Fixed Deposit,EUR,Active,2020-06-01 08:05:00,260989.77,BR005
ACC00549,CUST0419,Loan,AED,Active,2021-09-26 05:52:00,373124.87,BR018
ACC00550,CUST0420,Savings,INR,Active,2021-10-22 12:10:00,27808.49,BR012
ACC00551,CUST0421,Current,GBP,Active,2019-12-22 11:38:00,389509.23,BR011
ACC00552,CUST0422,Fixed Deposit,EUR,Active,2019-11-26 06:38:00,5983.02,BR010
ACC00553,CUST0422,Current,AED,Active,2019-09-20 07:17:00,42977.16,BR019
ACC00554,CUST0423,Loan,USD,Active,2020-01-22 09:00:00,490280.54,BR010
ACC00555,CUST0424,Current,GBP,Active,2021-07-13 04:44:00,337505.87,BR011
ACC00556,CUST0425,Savings,AED,Dormant,2020-05-18 00:37:00,398136.61,BR016
ACC00557,CUST0426,Savings,GBP,Active,2022-02-18 02:56:00,313163.38,BR008
ACC00558,CUST0427,Current,EUR,Closed,2022-05-08 16:46:00,304565.09,BR017
ACC00559,CUST0428,Fixed Deposit,INR,Active,2021-06-09 09:23:00,311923.65,BR014
ACC00560,CUST0429,Loan,EUR,Active,2019-12-16 04:36:00,314080.93,BR016
ACC00561,CUST0429,Savings,USD,Active,2021-04-09 17:55:00,484489.09,BR003
ACC00562,CUST0430,Loan,GBP,Active,2021-03-12 05:04:00,140418.6,BR012
ACC00563,CUST0431,Savings,EUR,Active,2022-02-13 08:30:00,489252.64,BR015
ACC00564,CUST0432,Current,USD,Closed,2022-04-10 01:23:00,429572.13,BR013
ACC00565,CUST0433,Current,INR,Active,2021-04-18 11:05:00,341259.35,BR017
ACC00566,CUST0434,Savings,AED,Closed,2019-11-09 23:50:00,122785.98,BR018
ACC00567,CUST0435,Savings,GBP,Active,2022-09-25 12:54:00,36952.85,BR013
ACC00568,CUST0435,Loan,USD,Active,2022-03-01 20:34:00,450113.19,BR015
ACC00569,CUST0436,Current,USD,Dormant,2021-10-05 13:12:00,201059.48,BR003
ACC00570,CUST0436,Fixed Deposit,GBP,Closed,2022-04-06 06:44:00,370771.74,BR004
ACC00571,CUST0437,Savings,AED,Active,2022-03-04 04:40:00,107128.34,BR019
ACC00572,CUST0437,Savings,AED,Active,2019-11-20 11:50:00,215339.81,BR016
ACC00573,CUST0438,Current,USD,Closed,2021-11-28 08:16:00,318025.8,BR003
ACC00574,CUST0438,Current,USD,Active,2019-12-30 09:55:00,356247.25,BR014
ACC00575,CUST0439,Fixed Deposit,EUR,Dormant,2020-01-21 13:21:00,481701.2,BR010
ACC00576,CUST0440,Fixed Deposit,INR,Active,2022-07-16 22:50:00,80764.24,BR014
ACC00577,CUST0440,Fixed Deposit,AED,Active,2019-08-05 17:50:00,446942.76,BR007
ACC00578,CUST0441,Current,GBP,Active,2021-04-24 00:09:00,448302.31,BR005
ACC00579,CUST0441,Loan,GBP,Active,2021-10-25 08:33:00,361281.88,BR015
ACC00580,CUST0442,Current,INR,Active,2022-10-12 03:02:00,109702.07,BR007
ACC00581,CUST0443,Current,AED,Active,2021-06-27 06:12:00,485886.38,BR019
ACC00582,CUST0444,Fixed Deposit,GBP,Active,2021-04-04 16:52:00,433945.2,BR016
ACC00583,CUST0445,Loan,INR,Active,2021-07-06 17:27:00,261823.33,BR011
ACC00584,CUST0446,Current,INR,Active,2020-07-12 17:38:00,81747.24,BR014
ACC00585,CUST0446,Loan,GBP,Dormant,2021-12-27 20:18:00,351195.26,BR004
ACC00586,CUST0447,Savings,USD,Active,2021-11-04 03:31:00,375096.87,BR020
ACC00587,CUST0448,Savings,INR,Active,2019-09-20 21:18:00,425926.78,BR007
ACC00588,CUST0449,Loan,AED,Active,2020-08-19 15:07:00,175631.53,BR015
ACC00589,CUST0449,Loan,INR,Active,2021-08-21 07:32:00,142160.41,BR009
ACC00590,CUST0450,Loan,EUR,Active,2021-11-11 01:00:00,13610.29,BR012
ACC00591,CUST0451,Fixed Deposit,GBP,Active,2022-09-29 13:15:00,278091.92,BR013
ACC00592,CUST0452,Loan,USD,Dormant,2022-10-11 13:08:00,469726.16,BR013
ACC00593,CUST0452,Current,INR,Dormant,2022-06-09 05:27:00,115869.27,BR005
ACC00594,CUST0453,Loan,GBP,Dormant,2020-06-05 10:13:00,47080.59,BR001
ACC00595,CUST0454,Current,USD,Active,2022-08-02 02:36:00,191511.22,BR005
ACC00596,CUST0455,Fixed Deposit,EUR,Active,2020-10-12 09:12:00,267940.9,BR008
ACC00597,CUST0456,Loan,GBP,Active,2021-01-29 02:59:00,72312.88,BR001
ACC00598,CUST0457,Savings,USD,Active,2020-03-23 03:09:00,141590.29,BR006
ACC00599,CUST0458,Loan,GBP,Dormant,2020-09-13 12:06:00,245772.96,BR001
ACC00600,CUST0458,Loan,USD,Active,2019-12-19 06:43:00,210243.61,BR011
ACC00601,CUST0459,Loan,EUR,Active,2019-08-05 05:42:00,283863.28,BR020
ACC00602,CUST0460,Savings,GBP,Closed,2022-04-02 19:38:00,273468.14,BR006
ACC00603,CUST0461,Fixed Deposit,USD,Active,2019-09-14 17:01:00,259238.46,BR005
ACC00604,CUST0462,Fixed Deposit,USD,Dormant,2019-09-14 10:08:00,110270.68,BR005
ACC00605,CUST0462,Fixed Deposit,GBP,Active,2020-01-20 11:45:00,275972.81,BR010
ACC00606,CUST0463,Loan,INR,Active,2021-10-12 06:16:00,86893.28,BR009
ACC00607,CUST0464,Savings,AED,Active,2021-04-14 05:50:00,103312.99,BR016
ACC00608,CUST0465,Loan,INR,Active,2021-01-22 10:39:00,54225.78,BR013
ACC00609,CUST0466,Fixed Deposit,GBP,Dormant,2019-11-24 14:10:00,444780.12,BR017
ACC00610,CUST0467,Loan,GBP,Active,2022-07-06 11:25:00,15455.01,BR006
ACC00611,CUST0467,Fixed Deposit,INR,Active,2021-07-17 07:04:00,107984.49,BR012
ACC00612,CUST0468,Fixed Deposit,USD,Active,2019-08-07 22:21:00,107279.33,BR019
ACC00613,CUST0469,Current,AED,Active,2021-02-15 19:13:00,263867.55,BR004
ACC00614,CUST0470,Savings,AED,Dormant,2021-11-25 21:48:00,217885.18,BR011
ACC00615,CUST0471,Savings,INR,Active,2021-01-28 13:07:00,62484.29,BR006
ACC00616,CUST0471,Fixed Deposit,AED,Active,2022-10-08 00:18:00,9409.23,BR019
ACC00617,CUST0472,Loan,GBP,Active,2021-10-17 01:57:00,266966.77,BR017
ACC00618,CUST0473,Savings,USD,Active,2021-11-12 23:19:00,137699.44,BR012
ACC00619,CUST0473,Loan,USD,Active,2021-04-17 15:39:00,24012.85,BR010
ACC00620,CUST0474,Loan,INR,Dormant,2020-03-20 11:39:00,51820.43,BR008
ACC00621,CUST0475,Savings,EUR,Active,2021-05-07 22:46:00,218123.39,BR006
ACC00622,CUST0475,Savings,EUR,Active,2021-08-09 17:00:00,467088.12,BR002
ACC00623,CUST0476,Savings,USD,Active,2021-03-30 02:16:00,164999.82,BR020
ACC00624,CUST0476,Loan,GBP,Active,2020-04-23 18:29:00,60390.76,BR011
ACC00625,CUST0477,Loan,INR,Active,2022-06-18 16:15:00,289153.42,BR016
ACC00626,CUST0478,Fixed Deposit,INR,Active,2021-01-06 09:45:00,41855.74,BR018
ACC00627,CUST0479,Current,EUR,Active,2019-12-16 15:03:00,106631.5,BR007
ACC00628,CUST0480,Loan,EUR,Active,2021-06-12 06:52:00,295466.29,BR017
ACC00629,CUST0481,Fixed Deposit,GBP,Active,2020-05-26 16:06:00,457105.57,BR008
ACC00630,CUST0482,Loan,INR,Dormant,2022-06-01 06:49:00,200402.35,BR003
ACC00631,CUST0483,Current,GBP,Closed,2022-10-10 20:06:00,74071.22,BR004
ACC00632,CUST0483,Savings,EUR,Active,2022-02-13 05:17:00,14778.83,BR017
ACC00633,CUST0484,Fixed Deposit,USD,Closed,2020-01-04 11:27:00,106426.98,BR013
ACC00634,CUST0485,Fixed Deposit,USD,Active,2021-08-11 03:03:00,324486.56,BR014
ACC00635,CUST0486,Current,INR,Active,2021-01-31 16:38:00,247061.31,BR014
ACC00636,CUST0486,Savings,USD,Active,2020-02-28 07:07:00,27042.32,BR002
ACC00637,CUST0487,Current,USD,Active,2021-01-30 07:56:00,310300.26,BR013
ACC00638,CUST0488,Savings,EUR,Active,2021-01-15 15:13:00,85929.04,BR007
ACC00639,CUST0489,Fixed Deposit,AED,Active,2019-07-22 03:11:00,251868.46,BR020
ACC00640,CUST0490,Fixed Deposit,EUR,Active,2019-12-05 05:11:00,166411.58,BR015
ACC00641,CUST0491,Savings,INR,Active,2019-08-27 05:16:00,440688.13,BR006
ACC00642,CUST0491,Savings,AED,Active,2022-03-12 18:00:00,244409.52,BR008
ACC00643,CUST0492,Savings,USD,Active,2021-03-02 07:33:00,251821.66,BR005
ACC00644,CUST0493,Savings,GBP,Dormant,2021-06-02 14:31:00,367540.09,BR018
ACC00645,CUST0494,Loan,GBP,Active,2019-08-12 11:19:00,355223.5,BR017
ACC00646,CUST0494,Loan,USD,Active,2022-06-13 23:40:00,10853.28,BR014
ACC00647,CUST0495,Current,GBP,Active,2020-11-27 18:47:00,348055.14,BR014
ACC00648,CUST0496,Savings,EUR,Closed,2021-08-27 20:06:00,482743.8,BR018
ACC00649,CUST0497,Loan,AED,Active,2021-06-29 10:25:00,294779.35,BR009
ACC00650,CUST0498,Savings,AED,Active,2021-06-18 19:07:00,217013.08,BR015
ACC00651,CUST0499,Fixed Deposit,GBP,Active,2019-08-02 15:59:00,342920.59,BR015
ACC00652,CUST0500,Fixed Deposit,AED,Active,2020-06-13 09:31:00,144485.85,BR010
